Year,Original,Series or Movie,Films,Rating,Genre
2010.0,0.0,Movie,75,6.4719999999999995,ACTION
2010.0,0.0,Series,13,7.638461538461538,ACTION
2011.0,0.0,Movie,80,6.2700000000000005,ACTION
2011.0,0.0,Series,13,7.292307692307692,ACTION
2012.0,0.0,Movie,96,6.429166666666667,ACTION
2012.0,0.0,Series,23,7.439130434782609,ACTION
2012.0,1.0,Series,1,8.0,ACTION
2013.0,0.0,Movie,100,6.278,ACTION
2013.0,0.0,Series,27,7.048148148148148,ACTION
2013.0,1.0,Series,1,6.6,ACTION
2014.0,0.0,Movie,121,6.142148760330579,ACTION
2014.0,0.0,Series,28,7.125,ACTION
2015.0,0.0,Movie,133,6.158646616541353,ACTION
2015.0,0.0,Series,43,7.1720930232558135,ACTION
2015.0,1.0,Movie,2,4.449999999999999,ACTION
2015.0,1.0,Series,2,6.85,ACTION
2016.0,0.0,Movie,145,6.1227586206896545,ACTION
2016.0,0.0,Series,44,7.145454545454545,ACTION
2016.0,1.0,Movie,6,6.266666666666667,ACTION
2016.0,1.0,Series,6,6.6000000000000005,ACTION
2017.0,0.0,Movie,183,6.095081967213115,ACTION
2017.0,0.0,Series,36,7.041666666666667,ACTION
2017.0,1.0,Movie,7,6.228571428571429,ACTION
2017.0,1.0,Series,8,7.125,ACTION
2018.0,0.0,Movie,174,5.875862068965517,ACTION
2018.0,0.0,Series,43,6.813953488372093,ACTION
2018.0,1.0,Movie,8,6.0875,ACTION
2018.0,1.0,Series,15,7.133333333333334,ACTION
2019.0,0.0,Movie,143,5.952447552447553,ACTION
2019.0,0.0,Series,52,6.975,ACTION
2019.0,1.0,Movie,11,6.281818181818181,ACTION
2019.0,1.0,Series,7,7.457142857142857,ACTION
2020.0,0.0,Movie,67,5.431343283582089,ACTION
2020.0,0.0,Series,39,7.071794871794872,ACTION
2020.0,1.0,Movie,18,5.633333333333334,ACTION
2021.0,0.0,Movie,6,5.833333333333333,ACTION
2021.0,0.0,Series,6,7.483333333333333,ACTION
2010.0,0.0,Movie,1,7.4,ADULT
2011.0,0.0,Series,1,5.9,ADULT
2010.0,0.0,Movie,38,6.378947368421053,ADVENTURE
2010.0,0.0,Series,11,7.418181818181818,ADVENTURE
2011.0,0.0,Movie,54,6.205555555555556,ADVENTURE
2011.0,0.0,Series,11,7.181818181818182,ADVENTURE
2011.0,1.0,Series,1,6.6,ADVENTURE
2012.0,0.0,Movie,57,6.514035087719298,ADVENTURE
2012.0,0.0,Series,15,7.08,ADVENTURE
2012.0,1.0,Series,1,8.0,ADVENTURE
2013.0,0.0,Movie,65,6.2907692307692304,ADVENTURE
2013.0,0.0,Series,19,7.221052631578947,ADVENTURE
2013.0,1.0,Series,1,8.0,ADVENTURE
2014.0,0.0,Movie,66,6.484848484848484,ADVENTURE
2014.0,0.0,Series,24,7.1000000000000005,ADVENTURE
2014.0,1.0,Series,3,6.566666666666666,ADVENTURE
2015.0,0.0,Movie,88,6.260227272727272,ADVENTURE
2015.0,0.0,Series,23,6.956521739130435,ADVENTURE
2015.0,1.0,Movie,2,6.0,ADVENTURE
2015.0,1.0,Series,4,6.625,ADVENTURE
2016.0,0.0,Movie,91,6.031868131868132,ADVENTURE
2016.0,0.0,Series,24,7.491666666666667,ADVENTURE
2016.0,1.0,Movie,3,6.033333333333334,ADVENTURE
2016.0,1.0,Series,5,6.88,ADVENTURE
2017.0,0.0,Movie,112,6.011607142857143,ADVENTURE
2017.0,0.0,Series,31,6.935483870967742,ADVENTURE
2017.0,1.0,Movie,1,7.3,ADVENTURE
2017.0,1.0,Series,12,6.908333333333334,ADVENTURE
2018.0,0.0,Movie,109,5.937614678899083,ADVENTURE
2018.0,0.0,Series,36,7.066666666666666,ADVENTURE
2018.0,1.0,Movie,4,6.375,ADVENTURE
2018.0,1.0,Series,12,6.9750000000000005,ADVENTURE
2019.0,0.0,Movie,90,6.096666666666668,ADVENTURE
2019.0,0.0,Series,33,7.057575757575758,ADVENTURE
2019.0,1.0,Movie,8,6.0125,ADVENTURE
2019.0,1.0,Series,7,7.2,ADVENTURE
2020.0,0.0,Movie,44,5.704545454545454,ADVENTURE
2020.0,0.0,Series,29,6.889655172413794,ADVENTURE
2020.0,1.0,Movie,9,6.266666666666667,ADVENTURE
2021.0,0.0,Movie,7,5.685714285714285,ADVENTURE
2021.0,0.0,Series,4,7.55,ADVENTURE
2010.0,0.0,Movie,24,6.808333333333334,ANIMATION
2010.0,0.0,Series,27,7.192592592592592,ANIMATION
2011.0,0.0,Movie,36,6.719444444444445,ANIMATION
2011.0,0.0,Series,25,7.207999999999999,ANIMATION
2011.0,1.0,Movie,1,6.3,ANIMATION
2011.0,1.0,Series,1,6.6,ANIMATION
2012.0,0.0,Movie,36,7.077777777777778,ANIMATION
2012.0,0.0,Series,36,7.327777777777778,ANIMATION
2012.0,1.0,Series,1,8.0,ANIMATION
2013.0,0.0,Movie,42,6.369047619047619,ANIMATION
2013.0,0.0,Series,32,6.73125,ANIMATION
2013.0,1.0,Series,3,6.6000000000000005,ANIMATION
2014.0,0.0,Movie,37,6.537837837837838,ANIMATION
2014.0,0.0,Series,44,7.170454545454546,ANIMATION
2014.0,1.0,Series,3,6.8,ANIMATION
2015.0,0.0,Movie,48,6.552083333333333,ANIMATION
2015.0,0.0,Series,57,7.03859649122807,ANIMATION
2015.0,1.0,Series,6,6.883333333333333,ANIMATION
2016.0,0.0,Movie,48,6.341666666666666,ANIMATION
2016.0,0.0,Series,55,7.152727272727272,ANIMATION
2016.0,1.0,Series,10,6.9,ANIMATION
2017.0,0.0,Movie,73,6.309589041095891,ANIMATION
2017.0,0.0,Series,55,6.718181818181818,ANIMATION
2017.0,1.0,Series,11,6.945454545454546,ANIMATION
2018.0,0.0,Movie,54,6.416666666666667,ANIMATION
2018.0,0.0,Series,73,7.053424657534246,ANIMATION
2018.0,1.0,Series,21,6.8047619047619055,ANIMATION
2019.0,0.0,Movie,64,6.228125,ANIMATION
2019.0,0.0,Series,68,7.086764705882352,ANIMATION
2019.0,1.0,Movie,2,7.85,ANIMATION
2019.0,1.0,Series,7,7.371428571428572,ANIMATION
2020.0,0.0,Movie,49,5.924489795918368,ANIMATION
2020.0,0.0,Series,63,7.014285714285714,ANIMATION
2020.0,1.0,Movie,3,6.8,ANIMATION
2021.0,0.0,Movie,4,7.125,ANIMATION
2021.0,0.0,Series,11,7.7,ANIMATION
2010.0,0.0,Movie,17,7.2823529411764705,BIOGRAPHY
2010.0,0.0,Series,2,7.75,BIOGRAPHY
2011.0,0.0,Movie,18,7.033333333333333,BIOGRAPHY
2012.0,0.0,Movie,15,7.239999999999999,BIOGRAPHY
2012.0,0.0,Series,3,7.633333333333333,BIOGRAPHY
2013.0,0.0,Movie,31,7.025806451612904,BIOGRAPHY
2014.0,0.0,Movie,33,6.836363636363636,BIOGRAPHY
2014.0,0.0,Series,2,6.9,BIOGRAPHY
2014.0,1.0,Movie,2,6.95,BIOGRAPHY
2015.0,0.0,Movie,49,6.8979591836734695,BIOGRAPHY
2015.0,0.0,Series,4,7.775,BIOGRAPHY
2015.0,1.0,Movie,1,7.6,BIOGRAPHY
2015.0,1.0,Series,1,8.8,BIOGRAPHY
2016.0,0.0,Movie,49,6.893877551020409,BIOGRAPHY
2016.0,0.0,Series,6,8.066666666666666,BIOGRAPHY
2016.0,1.0,Movie,3,6.733333333333333,BIOGRAPHY
2016.0,1.0,Series,1,8.7,BIOGRAPHY
2017.0,0.0,Movie,63,6.873015873015873,BIOGRAPHY
2017.0,0.0,Series,7,7.914285714285714,BIOGRAPHY
2017.0,1.0,Movie,3,6.8999999999999995,BIOGRAPHY
2017.0,1.0,Series,2,6.95,BIOGRAPHY
2018.0,0.0,Movie,60,6.78,BIOGRAPHY
2018.0,0.0,Series,5,7.959999999999999,BIOGRAPHY
2018.0,1.0,Movie,9,6.577777777777778,BIOGRAPHY
2018.0,1.0,Series,1,8.2,BIOGRAPHY
2019.0,0.0,Movie,57,6.715789473684211,BIOGRAPHY
2019.0,0.0,Series,4,7.125,BIOGRAPHY
2019.0,1.0,Movie,13,7.06923076923077,BIOGRAPHY
2019.0,1.0,Series,3,8.166666666666666,BIOGRAPHY
2020.0,0.0,Movie,17,6.2823529411764705,BIOGRAPHY
2020.0,0.0,Series,7,7.3999999999999995,BIOGRAPHY
2020.0,1.0,Movie,8,6.5875,BIOGRAPHY
2021.0,0.0,Movie,4,6.925,BIOGRAPHY
2021.0,0.0,Series,1,8.2,BIOGRAPHY
2010.0,0.0,Movie,124,6.247580645161291,COMEDY
2010.0,0.0,Series,30,7.526666666666667,COMEDY
2011.0,0.0,Movie,151,6.105960264900662,COMEDY
2011.0,0.0,Series,29,7.56551724137931,COMEDY
2012.0,0.0,Movie,180,6.146111111111111,COMEDY
2012.0,0.0,Series,43,7.232558139534884,COMEDY
2012.0,1.0,Movie,1,5.3,COMEDY
2012.0,1.0,Series,1,8.0,COMEDY
2013.0,0.0,Movie,179,5.989944134078213,COMEDY
2013.0,0.0,Series,46,7.078260869565218,COMEDY
2013.0,1.0,Series,4,7.074999999999999,COMEDY
2014.0,0.0,Movie,212,6.1183962264150935,COMEDY
2014.0,0.0,Series,57,7.2105263157894735,COMEDY
2014.0,1.0,Movie,1,6.3,COMEDY
2014.0,1.0,Series,4,6.625,COMEDY
2015.0,0.0,Movie,240,6.00875,COMEDY
2015.0,0.0,Series,75,7.246666666666667,COMEDY
2015.0,1.0,Movie,2,6.0,COMEDY
2015.0,1.0,Series,10,6.9799999999999995,COMEDY
2016.0,0.0,Movie,285,5.991228070175438,COMEDY
2016.0,0.0,Series,74,7.528378378378378,COMEDY
2016.0,1.0,Movie,7,6.1000000000000005,COMEDY
2016.0,1.0,Series,15,7.093333333333334,COMEDY
2017.0,0.0,Movie,366,5.997814207650273,COMEDY
2017.0,0.0,Series,78,7.12948717948718,COMEDY
2017.0,1.0,Movie,14,5.878571428571428,COMEDY
2017.0,1.0,Series,24,7.1875,COMEDY
2018.0,0.0,Movie,340,5.989117647058824,COMEDY
2018.0,0.0,Series,83,7.03855421686747,COMEDY
2018.0,1.0,Movie,28,6.05,COMEDY
2018.0,1.0,Series,35,6.962857142857143,COMEDY
2019.0,0.0,Movie,256,5.88515625,COMEDY
2019.0,0.0,Series,81,7.12962962962963,COMEDY
2019.0,1.0,Movie,35,6.085714285714285,COMEDY
2019.0,1.0,Series,21,7.414285714285714,COMEDY
2020.0,0.0,Movie,168,5.895833333333333,COMEDY
2020.0,0.0,Series,69,6.766666666666667,COMEDY
2020.0,1.0,Movie,32,5.86875,COMEDY
2021.0,0.0,Movie,17,6.358823529411764,COMEDY
2021.0,0.0,Series,10,7.1,COMEDY
2010.0,0.0,Movie,44,6.652272727272727,CRIME
2010.0,0.0,Series,11,7.818181818181818,CRIME
2010.0,1.0,Series,1,6.0,CRIME
2011.0,0.0,Movie,45,6.431111111111111,CRIME
2011.0,0.0,Series,11,7.345454545454545,CRIME
2011.0,1.0,Movie,1,7.8,CRIME
2012.0,0.0,Movie,45,6.56,CRIME
2012.0,0.0,Series,12,7.675,CRIME
2013.0,0.0,Movie,76,6.368421052631579,CRIME
2013.0,0.0,Series,17,7.764705882352941,CRIME
2013.0,1.0,Movie,1,6.7,CRIME
2013.0,1.0,Series,1,8.1,CRIME
2014.0,0.0,Movie,73,6.415068493150685,CRIME
2014.0,0.0,Series,18,7.566666666666666,CRIME
2015.0,0.0,Movie,83,6.3,CRIME
2015.0,0.0,Series,31,7.293548387096774,CRIME
2015.0,1.0,Movie,2,7.699999999999999,CRIME
2015.0,1.0,Series,2,8.7,CRIME
2016.0,0.0,Movie,98,6.264285714285714,CRIME
2016.0,0.0,Series,34,7.358823529411764,CRIME
2016.0,1.0,Movie,4,7.1000000000000005,CRIME
2017.0,0.0,Movie,115,6.203478260869565,CRIME
2017.0,0.0,Series,41,7.3341463414634145,CRIME
2017.0,1.0,Movie,9,6.022222222222222,CRIME
2017.0,1.0,Series,8,8.075,CRIME
2018.0,0.0,Movie,116,6.067241379310344,CRIME
2018.0,0.0,Series,47,7.1255319148936165,CRIME
2018.0,1.0,Movie,4,5.95,CRIME
2018.0,1.0,Series,18,7.477777777777778,CRIME
2019.0,0.0,Movie,112,5.9366071428571425,CRIME
2019.0,0.0,Series,45,7.0377777777777775,CRIME
2019.0,1.0,Movie,17,6.347058823529412,CRIME
2019.0,1.0,Series,14,7.535714285714286,CRIME
2020.0,0.0,Movie,45,5.806666666666667,CRIME
2020.0,0.0,Series,48,7.139583333333333,CRIME
2020.0,1.0,Movie,20,6.125,CRIME
2021.0,0.0,Movie,2,6.6,CRIME
2021.0,0.0,Series,4,6.4,CRIME
2021.0,1.0,Movie,1,7.2,CRIME
2010.0,0.0,Movie,13,7.3307692307692305,DOCUMENTARY
2010.0,0.0,Series,6,6.666666666666667,DOCUMENTARY
2010.0,1.0,Movie,1,6.3,DOCUMENTARY
2011.0,0.0,Movie,10,6.63,DOCUMENTARY
2011.0,0.0,Series,4,6.6,DOCUMENTARY
2012.0,0.0,Movie,11,7.409090909090909,DOCUMENTARY
2012.0,0.0,Series,9,7.388888888888889,DOCUMENTARY
2013.0,0.0,Movie,20,6.859999999999999,DOCUMENTARY
2013.0,0.0,Series,1,8.8,DOCUMENTARY
2013.0,1.0,Movie,1,7.4,DOCUMENTARY
2013.0,1.0,Series,1,5.6,DOCUMENTARY
2014.0,0.0,Movie,23,7.3,DOCUMENTARY
2014.0,0.0,Series,9,7.2555555555555555,DOCUMENTARY
2014.0,1.0,Movie,7,7.3428571428571425,DOCUMENTARY
2015.0,0.0,Movie,45,7.1577777777777785,DOCUMENTARY
2015.0,0.0,Series,13,7.56923076923077,DOCUMENTARY
2015.0,1.0,Movie,4,7.05,DOCUMENTARY
2015.0,1.0,Series,1,8.6,DOCUMENTARY
2016.0,0.0,Movie,47,7.068085106382979,DOCUMENTARY
2016.0,0.0,Series,21,7.366666666666666,DOCUMENTARY
2016.0,1.0,Movie,10,7.35,DOCUMENTARY
2016.0,1.0,Series,6,7.533333333333332,DOCUMENTARY
2017.0,0.0,Movie,82,6.884146341463414,DOCUMENTARY
2017.0,0.0,Series,20,7.334999999999999,DOCUMENTARY
2017.0,1.0,Movie,19,6.978947368421053,DOCUMENTARY
2017.0,1.0,Series,15,7.406666666666666,DOCUMENTARY
2018.0,0.0,Movie,83,6.9879518072289155,DOCUMENTARY
2018.0,0.0,Series,21,7.171428571428571,DOCUMENTARY
2018.0,1.0,Movie,22,6.854545454545455,DOCUMENTARY
2018.0,1.0,Series,28,7.192857142857143,DOCUMENTARY
2019.0,0.0,Movie,78,7.158974358974358,DOCUMENTARY
2019.0,0.0,Series,25,7.327999999999999,DOCUMENTARY
2019.0,1.0,Movie,33,6.709090909090909,DOCUMENTARY
2019.0,1.0,Series,12,7.766666666666667,DOCUMENTARY
2020.0,0.0,Movie,43,7.130232558139536,DOCUMENTARY
2020.0,0.0,Series,48,7.308333333333334,DOCUMENTARY
2020.0,1.0,Movie,26,7.092307692307693,DOCUMENTARY
2021.0,0.0,Movie,8,6.5375,DOCUMENTARY
2021.0,0.0,Series,8,7.4625,DOCUMENTARY
2010.0,0.0,Movie,156,6.684615384615384,DRAMA
2010.0,0.0,Series,30,7.516666666666667,DRAMA
2010.0,1.0,Movie,1,6.3,DRAMA
2011.0,0.0,Movie,180,6.676111111111111,DRAMA
2011.0,0.0,Series,36,7.866666666666666,DRAMA
2011.0,1.0,Movie,2,7.05,DRAMA
2012.0,0.0,Movie,179,6.511173184357542,DRAMA
2012.0,0.0,Series,38,7.68157894736842,DRAMA
2013.0,0.0,Movie,213,6.517370892018779,DRAMA
2013.0,0.0,Series,55,7.574545454545455,DRAMA
2013.0,1.0,Movie,1,6.7,DRAMA
2013.0,1.0,Series,5,7.4,DRAMA
2014.0,0.0,Movie,236,6.512288135593221,DRAMA
2014.0,0.0,Series,58,7.4206896551724135,DRAMA
2014.0,1.0,Movie,3,7.066666666666666,DRAMA
2014.0,1.0,Series,4,7.725,DRAMA
2015.0,0.0,Movie,301,6.394352159468439,DRAMA
2015.0,0.0,Series,87,7.319540229885057,DRAMA
2015.0,1.0,Movie,4,7.3,DRAMA
2015.0,1.0,Series,6,8.266666666666667,DRAMA
2016.0,0.0,Movie,384,6.461458333333333,DRAMA
2016.0,0.0,Series,118,7.5423728813559325,DRAMA
2016.0,1.0,Movie,12,5.958333333333333,DRAMA
2016.0,1.0,Series,13,7.361538461538462,DRAMA
2017.0,0.0,Movie,487,6.349897330595483,DRAMA
2017.0,0.0,Series,114,7.088596491228071,DRAMA
2017.0,1.0,Movie,17,6.311764705882353,DRAMA
2017.0,1.0,Series,18,7.688888888888889,DRAMA
2018.0,0.0,Movie,460,6.395434782608696,DRAMA
2018.0,0.0,Series,128,7.37265625,DRAMA
2018.0,1.0,Movie,44,6.215909090909091,DRAMA
2018.0,1.0,Series,30,7.2733333333333325,DRAMA
2019.0,0.0,Movie,380,6.271315789473684,DRAMA
2019.0,0.0,Series,138,7.256521739130434,DRAMA
2019.0,1.0,Movie,47,6.276595744680851,DRAMA
2019.0,1.0,Series,33,7.190909090909091,DRAMA
2020.0,0.0,Movie,174,5.99080459770115,DRAMA
2020.0,0.0,Series,123,7.00650406504065,DRAMA
2020.0,1.0,Movie,58,6.153448275862068,DRAMA
2020.0,1.0,Series,1,7.9,DRAMA
2021.0,0.0,Movie,15,6.253333333333333,DRAMA
2021.0,0.0,Series,9,6.977777777777778,DRAMA
2021.0,1.0,Movie,2,7.15,DRAMA
2010.0,0.0,Movie,36,6.272222222222222,FAMILY
2010.0,0.0,Series,15,6.886666666666667,FAMILY
2011.0,0.0,Movie,41,6.370731707317073,FAMILY
2011.0,0.0,Series,9,6.611111111111111,FAMILY
2011.0,1.0,Series,1,6.6,FAMILY
2012.0,0.0,Movie,36,6.230555555555556,FAMILY
2012.0,0.0,Series,14,6.871428571428572,FAMILY
2012.0,1.0,Series,1,8.0,FAMILY
2013.0,0.0,Movie,51,6.176470588235294,FAMILY
2013.0,0.0,Series,15,5.973333333333333,FAMILY
2013.0,1.0,Series,2,7.3,FAMILY
2014.0,0.0,Movie,43,6.018604651162791,FAMILY
2014.0,0.0,Series,21,6.699999999999999,FAMILY
2014.0,1.0,Movie,2,6.6,FAMILY
2014.0,1.0,Series,2,5.85,FAMILY
2015.0,0.0,Movie,64,6.1328125,FAMILY
2015.0,0.0,Series,27,6.885185185185185,FAMILY
2015.0,1.0,Series,3,6.566666666666666,FAMILY
2016.0,0.0,Movie,82,6.081707317073171,FAMILY
2016.0,0.0,Series,15,6.88,FAMILY
2016.0,1.0,Series,9,6.788888888888889,FAMILY
2017.0,0.0,Movie,83,6.081927710843374,FAMILY
2017.0,0.0,Series,22,6.668181818181819,FAMILY
2017.0,1.0,Movie,1,5.8,FAMILY
2017.0,1.0,Series,9,7.0,FAMILY
2018.0,0.0,Movie,79,6.0050632911392405,FAMILY
2018.0,0.0,Series,17,7.041176470588235,FAMILY
2018.0,1.0,Movie,4,6.275,FAMILY
2018.0,1.0,Series,17,7.0588235294117645,FAMILY
2019.0,0.0,Movie,71,5.940845070422536,FAMILY
2019.0,0.0,Series,19,6.9105263157894745,FAMILY
2019.0,1.0,Movie,6,6.316666666666666,FAMILY
2019.0,1.0,Series,6,7.7,FAMILY
2020.0,0.0,Movie,55,5.68,FAMILY
2020.0,0.0,Series,23,6.895652173913043,FAMILY
2020.0,1.0,Movie,7,5.985714285714286,FAMILY
2021.0,0.0,Movie,4,5.8,FAMILY
2021.0,0.0,Series,2,6.8500000000000005,FAMILY
2010.0,0.0,Movie,36,6.294444444444444,FANTASY
2010.0,0.0,Series,11,7.154545454545455,FANTASY
2011.0,0.0,Movie,40,6.409999999999999,FANTASY
2011.0,0.0,Series,13,7.723076923076923,FANTASY
2012.0,0.0,Movie,44,6.5181818181818185,FANTASY
2012.0,0.0,Series,24,7.4624999999999995,FANTASY
2012.0,1.0,Series,1,8.0,FANTASY
2013.0,0.0,Movie,46,6.5,FANTASY
2013.0,0.0,Series,20,7.33,FANTASY
2013.0,1.0,Series,1,8.0,FANTASY
2014.0,0.0,Movie,48,6.110416666666667,FANTASY
2014.0,0.0,Series,25,6.932,FANTASY
2015.0,0.0,Movie,49,6.114285714285715,FANTASY
2015.0,0.0,Series,35,7.174285714285714,FANTASY
2015.0,1.0,Series,2,6.75,FANTASY
2016.0,0.0,Movie,72,6.2125,FANTASY
2016.0,0.0,Series,41,7.380487804878049,FANTASY
2016.0,1.0,Movie,2,4.449999999999999,FANTASY
2016.0,1.0,Series,8,7.125,FANTASY
2017.0,0.0,Movie,99,6.072727272727273,FANTASY
2017.0,0.0,Series,42,7.147619047619047,FANTASY
2017.0,1.0,Movie,3,5.3999999999999995,FANTASY
2017.0,1.0,Series,6,6.966666666666666,FANTASY
2018.0,0.0,Movie,96,6.004166666666666,FANTASY
2018.0,0.0,Series,47,7.221276595744681,FANTASY
2018.0,1.0,Movie,7,6.114285714285714,FANTASY
2018.0,1.0,Series,16,7.19375,FANTASY
2019.0,0.0,Movie,63,6.26031746031746,FANTASY
2019.0,0.0,Series,45,7.291111111111111,FANTASY
2019.0,1.0,Movie,3,5.766666666666667,FANTASY
2019.0,1.0,Series,6,6.583333333333333,FANTASY
2020.0,0.0,Movie,21,5.733333333333333,FANTASY
2020.0,0.0,Series,45,6.971111111111111,FANTASY
2020.0,1.0,Movie,8,5.9625,FANTASY
2021.0,0.0,Movie,5,5.88,FANTASY
2021.0,0.0,Series,8,7.2625,FANTASY
2010.0,0.0,Series,2,8.15,GAME-SHOW
2011.0,0.0,Series,2,7.75,GAME-SHOW
2012.0,0.0,Series,2,7.6,GAME-SHOW
2014.0,0.0,Series,2,7.75,GAME-SHOW
2015.0,0.0,Series,1,8.4,GAME-SHOW
2016.0,0.0,Series,1,7.2,GAME-SHOW
2017.0,0.0,Series,9,7.322222222222223,GAME-SHOW
2017.0,1.0,Series,1,7.3,GAME-SHOW
2018.0,0.0,Series,1,6.6,GAME-SHOW
2018.0,1.0,Series,1,4.9,GAME-SHOW
2019.0,0.0,Series,3,6.166666666666667,GAME-SHOW
2019.0,1.0,Series,2,5.1,GAME-SHOW
2020.0,0.0,Series,8,5.6375,GAME-SHOW
2010.0,0.0,Movie,13,7.115384615384615,HISTORY
2010.0,0.0,Series,5,7.859999999999999,HISTORY
2011.0,0.0,Movie,14,6.7,HISTORY
2011.0,0.0,Series,3,7.800000000000001,HISTORY
2012.0,0.0,Movie,13,6.884615384615385,HISTORY
2012.0,0.0,Series,4,8.1,HISTORY
2013.0,0.0,Movie,17,7.064705882352941,HISTORY
2013.0,0.0,Series,2,8.5,HISTORY
2014.0,0.0,Movie,18,6.677777777777778,HISTORY
2014.0,0.0,Series,6,7.183333333333334,HISTORY
2014.0,1.0,Movie,1,7.0,HISTORY
2014.0,1.0,Series,1,8.0,HISTORY
2015.0,0.0,Movie,31,6.948387096774193,HISTORY
2015.0,0.0,Series,10,7.62,HISTORY
2016.0,0.0,Movie,28,6.582142857142857,HISTORY
2016.0,0.0,Series,11,7.863636363636363,HISTORY
2016.0,1.0,Movie,4,7.525,HISTORY
2016.0,1.0,Series,1,8.7,HISTORY
2017.0,0.0,Movie,42,6.85,HISTORY
2017.0,0.0,Series,7,7.185714285714285,HISTORY
2017.0,1.0,Movie,2,6.65,HISTORY
2017.0,1.0,Series,1,8.1,HISTORY
2018.0,0.0,Movie,43,6.565116279069768,HISTORY
2018.0,0.0,Series,15,7.6066666666666665,HISTORY
2018.0,1.0,Movie,4,6.550000000000001,HISTORY
2019.0,0.0,Movie,40,6.484999999999999,HISTORY
2019.0,0.0,Series,12,7.841666666666668,HISTORY
2019.0,1.0,Movie,7,7.085714285714286,HISTORY
2019.0,1.0,Series,5,7.640000000000001,HISTORY
2020.0,0.0,Movie,8,6.5125,HISTORY
2020.0,0.0,Series,15,7.1466666666666665,HISTORY
2020.0,1.0,Movie,2,6.949999999999999,HISTORY
2021.0,0.0,Movie,2,6.65,HISTORY
2010.0,0.0,Movie,18,5.622222222222223,HORROR
2010.0,0.0,Series,4,6.675,HORROR
2010.0,1.0,Series,1,6.0,HORROR
2011.0,0.0,Movie,29,5.76896551724138,HORROR
2011.0,0.0,Series,5,6.3,HORROR
2012.0,0.0,Movie,31,5.680645161290323,HORROR
2012.0,0.0,Series,5,6.960000000000001,HORROR
2013.0,0.0,Movie,47,5.63404255319149,HORROR
2013.0,0.0,Series,9,7.811111111111111,HORROR
2013.0,1.0,Movie,1,6.7,HORROR
2013.0,1.0,Series,1,7.1,HORROR
2014.0,0.0,Movie,41,5.573170731707317,HORROR
2014.0,0.0,Series,7,7.3,HORROR
2015.0,0.0,Movie,52,5.401923076923077,HORROR
2015.0,0.0,Series,9,7.2666666666666675,HORROR
2015.0,1.0,Movie,1,4.5,HORROR
2015.0,1.0,Series,1,4.6,HORROR
2016.0,0.0,Movie,53,5.645283018867924,HORROR
2016.0,0.0,Series,17,7.0058823529411764,HORROR
2016.0,1.0,Movie,3,3.6333333333333333,HORROR
2016.0,1.0,Series,2,6.35,HORROR
2017.0,0.0,Movie,85,5.597647058823529,HORROR
2017.0,0.0,Series,12,6.2749999999999995,HORROR
2017.0,1.0,Movie,5,5.58,HORROR
2017.0,1.0,Series,4,7.6499999999999995,HORROR
2018.0,0.0,Movie,107,5.440186915887851,HORROR
2018.0,0.0,Series,10,6.69,HORROR
2018.0,1.0,Movie,6,6.166666666666667,HORROR
2018.0,1.0,Series,8,7.125,HORROR
2019.0,0.0,Movie,79,5.351898734177215,HORROR
2019.0,0.0,Series,17,7.082352941176471,HORROR
2019.0,1.0,Movie,8,6.025,HORROR
2019.0,1.0,Series,7,6.1000000000000005,HORROR
2020.0,0.0,Movie,39,5.417948717948718,HORROR
2020.0,0.0,Series,14,6.471428571428571,HORROR
2020.0,1.0,Movie,8,5.0,HORROR
2021.0,0.0,Movie,3,6.266666666666667,HORROR
2021.0,0.0,Series,2,6.4,HORROR
2010.0,0.0,Movie,18,6.4944444444444445,MUSIC
2010.0,0.0,Series,4,7.05,MUSIC
2011.0,0.0,Movie,9,6.055555555555555,MUSIC
2011.0,0.0,Series,4,7.175,MUSIC
2012.0,0.0,Movie,16,6.5375,MUSIC
2012.0,0.0,Series,3,6.733333333333333,MUSIC
2013.0,0.0,Movie,19,6.742105263157894,MUSIC
2013.0,0.0,Series,2,6.1499999999999995,MUSIC
2013.0,1.0,Series,1,8.0,MUSIC
2014.0,0.0,Movie,16,6.5375,MUSIC
2014.0,0.0,Series,3,6.866666666666667,MUSIC
2014.0,1.0,Series,1,4.5,MUSIC
2015.0,0.0,Movie,27,6.096296296296296,MUSIC
2015.0,0.0,Series,4,6.95,MUSIC
2015.0,1.0,Movie,2,7.35,MUSIC
2016.0,0.0,Movie,28,6.2749999999999995,MUSIC
2016.0,0.0,Series,10,7.24,MUSIC
2016.0,1.0,Movie,1,5.3,MUSIC
2016.0,1.0,Series,3,8.333333333333334,MUSIC
2017.0,0.0,Movie,41,6.143902439024391,MUSIC
2017.0,0.0,Series,10,6.7700000000000005,MUSIC
2017.0,1.0,Movie,1,7.0,MUSIC
2017.0,1.0,Series,1,6.1,MUSIC
2018.0,0.0,Movie,52,6.5903846153846155,MUSIC
2018.0,0.0,Series,8,7.375,MUSIC
2018.0,1.0,Movie,5,5.74,MUSIC
2018.0,1.0,Series,5,6.2,MUSIC
2019.0,0.0,Movie,35,6.708571428571429,MUSIC
2019.0,0.0,Series,11,7.4,MUSIC
2019.0,1.0,Movie,9,6.644444444444444,MUSIC
2019.0,1.0,Series,2,6.85,MUSIC
2020.0,0.0,Movie,26,6.4423076923076925,MUSIC
2020.0,0.0,Series,14,7.057142857142857,MUSIC
2020.0,1.0,Movie,7,6.785714285714286,MUSIC
2021.0,0.0,Movie,2,5.9,MUSIC
2021.0,0.0,Series,1,8.2,MUSIC
2010.0,0.0,Movie,6,6.7,MUSICAL
2010.0,0.0,Series,2,7.05,MUSICAL
2011.0,0.0,Movie,3,6.633333333333333,MUSICAL
2012.0,0.0,Movie,6,6.1499999999999995,MUSICAL
2012.0,0.0,Series,3,6.733333333333333,MUSICAL
2013.0,0.0,Movie,6,6.583333333333333,MUSICAL
2013.0,0.0,Series,2,6.1499999999999995,MUSICAL
2014.0,0.0,Movie,7,6.528571428571429,MUSICAL
2014.0,0.0,Series,1,7.1,MUSICAL
2015.0,0.0,Movie,8,5.8625,MUSICAL
2015.0,0.0,Series,1,7.8,MUSICAL
2016.0,0.0,Movie,11,5.345454545454545,MUSICAL
2016.0,0.0,Series,5,7.1,MUSICAL
2016.0,1.0,Series,3,8.333333333333334,MUSICAL
2017.0,0.0,Movie,14,6.085714285714286,MUSICAL
2017.0,0.0,Series,2,7.65,MUSICAL
2018.0,0.0,Movie,15,5.953333333333333,MUSICAL
2018.0,0.0,Series,3,7.3999999999999995,MUSICAL
2018.0,1.0,Movie,2,6.4,MUSICAL
2018.0,1.0,Series,3,6.566666666666666,MUSICAL
2019.0,0.0,Movie,8,5.55,MUSICAL
2019.0,0.0,Series,3,6.866666666666667,MUSICAL
2019.0,1.0,Movie,1,6.4,MUSICAL
2019.0,1.0,Series,1,7.0,MUSICAL
2020.0,0.0,Movie,4,6.05,MUSICAL
2020.0,0.0,Series,3,8.0,MUSICAL
2020.0,1.0,Movie,1,6.5,MUSICAL
2021.0,0.0,Movie,1,5.6,MUSICAL
2010.0,0.0,Movie,20,6.705,MYSTERY
2010.0,0.0,Series,9,7.788888888888888,MYSTERY
2011.0,0.0,Movie,37,6.58918918918919,MYSTERY
2011.0,0.0,Series,9,7.866666666666666,MYSTERY
2012.0,0.0,Movie,37,6.324324324324325,MYSTERY
2012.0,0.0,Series,12,7.5249999999999995,MYSTERY
2013.0,0.0,Movie,25,6.664,MYSTERY
2013.0,0.0,Series,13,7.8076923076923075,MYSTERY
2013.0,1.0,Series,1,7.1,MYSTERY
2014.0,0.0,Movie,41,6.236585365853658,MYSTERY
2014.0,0.0,Series,16,7.2375,MYSTERY
2015.0,0.0,Movie,46,6.178260869565217,MYSTERY
2015.0,0.0,Series,26,7.1461538461538465,MYSTERY
2015.0,1.0,Movie,1,8.2,MYSTERY
2015.0,1.0,Series,1,8.3,MYSTERY
2016.0,0.0,Movie,58,6.274137931034482,MYSTERY
2016.0,0.0,Series,26,7.550000000000001,MYSTERY
2016.0,1.0,Movie,3,4.8,MYSTERY
2016.0,1.0,Series,5,7.74,MYSTERY
2017.0,0.0,Movie,84,6.144047619047619,MYSTERY
2017.0,0.0,Series,28,7.153571428571429,MYSTERY
2017.0,1.0,Movie,2,6.3,MYSTERY
2017.0,1.0,Series,7,7.828571428571428,MYSTERY
2018.0,0.0,Movie,77,5.961038961038961,MYSTERY
2018.0,0.0,Series,34,7.094117647058823,MYSTERY
2018.0,1.0,Movie,7,6.1000000000000005,MYSTERY
2018.0,1.0,Series,7,6.942857142857143,MYSTERY
2019.0,0.0,Movie,78,6.008974358974359,MYSTERY
2019.0,0.0,Series,30,7.296666666666667,MYSTERY
2019.0,1.0,Movie,9,6.022222222222222,MYSTERY
2019.0,1.0,Series,9,6.422222222222222,MYSTERY
2020.0,0.0,Movie,26,5.661538461538461,MYSTERY
2020.0,0.0,Series,40,7.1,MYSTERY
2020.0,1.0,Movie,12,5.633333333333333,MYSTERY
2021.0,0.0,Movie,2,5.9,MYSTERY
2021.0,0.0,Series,3,6.8999999999999995,MYSTERY
2013.0,0.0,Movie,3,7.133333333333333,NEWS
2014.0,0.0,Movie,2,7.4,NEWS
2014.0,0.0,Series,1,7.0,NEWS
2014.0,1.0,Movie,1,6.9,NEWS
2015.0,0.0,Movie,2,7.75,NEWS
2016.0,1.0,Movie,1,8.3,NEWS
2018.0,1.0,Movie,1,6.4,NEWS
2018.0,1.0,Series,1,8.3,NEWS
2019.0,0.0,Movie,1,7.8,NEWS
2010.0,0.0,Series,8,7.9375,REALITY-TV
2011.0,0.0,Series,5,6.16,REALITY-TV
2011.0,1.0,Series,1,4.2,REALITY-TV
2012.0,0.0,Series,7,7.228571428571429,REALITY-TV
2013.0,0.0,Series,2,6.35,REALITY-TV
2014.0,0.0,Series,6,6.766666666666667,REALITY-TV
2015.0,0.0,Movie,1,5.7,REALITY-TV
2015.0,0.0,Series,2,7.550000000000001,REALITY-TV
2016.0,0.0,Movie,1,7.1,REALITY-TV
2016.0,0.0,Series,14,6.635714285714286,REALITY-TV
2016.0,1.0,Series,2,5.300000000000001,REALITY-TV
2017.0,0.0,Movie,1,7.9,REALITY-TV
2017.0,0.0,Series,16,7.09375,REALITY-TV
2017.0,1.0,Series,1,7.3,REALITY-TV
2018.0,0.0,Movie,3,6.466666666666666,REALITY-TV
2018.0,0.0,Series,10,6.1,REALITY-TV
2018.0,1.0,Series,12,6.758333333333333,REALITY-TV
2019.0,0.0,Movie,1,5.9,REALITY-TV
2019.0,0.0,Series,18,6.538888888888889,REALITY-TV
2019.0,1.0,Series,5,6.6,REALITY-TV
2020.0,0.0,Movie,3,6.066666666666666,REALITY-TV
2020.0,0.0,Series,35,6.025714285714286,REALITY-TV
2021.0,0.0,Series,2,6.5,REALITY-TV
2010.0,0.0,Movie,73,6.406849315068493,ROMANCE
2010.0,0.0,Series,19,7.457894736842104,ROMANCE
2011.0,0.0,Movie,69,6.5,ROMANCE
2011.0,0.0,Series,16,7.65625,ROMANCE
2012.0,0.0,Movie,69,6.328985507246377,ROMANCE
2012.0,0.0,Series,22,7.545454545454546,ROMANCE
2013.0,0.0,Movie,81,6.246913580246914,ROMANCE
2013.0,0.0,Series,28,7.614285714285714,ROMANCE
2013.0,1.0,Series,1,8.0,ROMANCE
2014.0,0.0,Movie,114,6.2973684210526315,ROMANCE
2014.0,0.0,Series,26,7.326923076923077,ROMANCE
2014.0,1.0,Series,2,7.1,ROMANCE
2015.0,0.0,Movie,123,6.2821138211382115,ROMANCE
2015.0,0.0,Series,34,7.258823529411765,ROMANCE
2015.0,1.0,Movie,1,6.1,ROMANCE
2015.0,1.0,Series,1,6.5,ROMANCE
2016.0,0.0,Movie,131,6.243511450381679,ROMANCE
2016.0,0.0,Series,48,7.53125,ROMANCE
2016.0,1.0,Movie,2,6.75,ROMANCE
2016.0,1.0,Series,2,6.85,ROMANCE
2017.0,0.0,Movie,145,6.110344827586207,ROMANCE
2017.0,0.0,Series,52,7.332692307692308,ROMANCE
2017.0,1.0,Movie,7,5.914285714285714,ROMANCE
2017.0,1.0,Series,3,7.166666666666667,ROMANCE
2018.0,0.0,Movie,141,6.260992907801418,ROMANCE
2018.0,0.0,Series,54,7.3962962962962955,ROMANCE
2018.0,1.0,Movie,14,6.235714285714286,ROMANCE
2018.0,1.0,Series,2,5.5,ROMANCE
2019.0,0.0,Movie,99,6.27979797979798,ROMANCE
2019.0,0.0,Series,61,7.585245901639344,ROMANCE
2019.0,1.0,Movie,16,6.0875,ROMANCE
2019.0,1.0,Series,7,6.885714285714286,ROMANCE
2020.0,0.0,Movie,67,5.959701492537314,ROMANCE
2020.0,0.0,Series,42,7.235714285714285,ROMANCE
2020.0,1.0,Movie,19,5.7,ROMANCE
2020.0,1.0,Series,1,7.9,ROMANCE
2021.0,0.0,Movie,5,6.4,ROMANCE
2021.0,0.0,Series,3,6.166666666666667,ROMANCE
2010.0,0.0,Movie,18,6.511111111111111,SCI-FI
2010.0,0.0,Series,7,7.642857142857143,SCI-FI
2011.0,0.0,Movie,28,6.442857142857143,SCI-FI
2011.0,0.0,Series,6,7.683333333333334,SCI-FI
2012.0,0.0,Movie,28,6.478571428571429,SCI-FI
2012.0,0.0,Series,12,7.3999999999999995,SCI-FI
2013.0,0.0,Movie,41,6.602439024390244,SCI-FI
2013.0,0.0,Series,17,7.1000000000000005,SCI-FI
2013.0,1.0,Series,1,6.6,SCI-FI
2014.0,0.0,Movie,40,6.4125,SCI-FI
2014.0,0.0,Series,15,7.239999999999999,SCI-FI
2015.0,0.0,Movie,41,6.143902439024391,SCI-FI
2015.0,0.0,Series,29,6.8999999999999995,SCI-FI
2015.0,1.0,Series,1,8.3,SCI-FI
2016.0,0.0,Movie,53,6.098113207547169,SCI-FI
2016.0,0.0,Series,23,7.21304347826087,SCI-FI
2016.0,1.0,Movie,2,6.35,SCI-FI
2016.0,1.0,Series,6,6.666666666666667,SCI-FI
2017.0,0.0,Movie,70,5.998571428571428,SCI-FI
2017.0,0.0,Series,30,6.77,SCI-FI
2017.0,1.0,Movie,3,6.533333333333334,SCI-FI
2017.0,1.0,Series,4,7.275,SCI-FI
2018.0,0.0,Movie,83,5.839759036144578,SCI-FI
2018.0,0.0,Series,27,7.066666666666667,SCI-FI
2018.0,1.0,Movie,6,5.766666666666667,SCI-FI
2018.0,1.0,Series,13,6.961538461538462,SCI-FI
2019.0,0.0,Movie,47,6.055319148936171,SCI-FI
2019.0,0.0,Series,29,7.2379310344827585,SCI-FI
2019.0,1.0,Movie,5,5.04,SCI-FI
2019.0,1.0,Series,8,5.95,SCI-FI
2020.0,0.0,Movie,29,5.8,SCI-FI
2020.0,0.0,Series,29,7.044827586206897,SCI-FI
2020.0,1.0,Movie,5,5.56,SCI-FI
2021.0,0.0,Movie,3,6.1000000000000005,SCI-FI
2021.0,0.0,Series,5,6.859999999999999,SCI-FI
2010.0,0.0,Movie,6,7.883333333333333,SHORT
2010.0,0.0,Series,2,8.05,SHORT
2011.0,0.0,Movie,5,6.42,SHORT
2011.0,0.0,Series,1,6.5,SHORT
2011.0,1.0,Movie,1,6.3,SHORT
2012.0,0.0,Movie,4,6.175,SHORT
2012.0,0.0,Series,3,6.833333333333333,SHORT
2013.0,0.0,Movie,6,6.816666666666666,SHORT
2013.0,0.0,Series,5,6.36,SHORT
2014.0,0.0,Movie,6,6.933333333333334,SHORT
2014.0,0.0,Series,3,7.466666666666666,SHORT
2014.0,1.0,Series,1,4.5,SHORT
2015.0,0.0,Movie,10,6.57,SHORT
2015.0,0.0,Series,6,6.300000000000001,SHORT
2015.0,1.0,Series,2,6.5,SHORT
2016.0,0.0,Movie,11,6.372727272727272,SHORT
2016.0,0.0,Series,5,6.12,SHORT
2016.0,1.0,Movie,2,7.4,SHORT
2016.0,1.0,Series,1,6.6,SHORT
2017.0,0.0,Movie,19,6.747368421052631,SHORT
2017.0,0.0,Series,5,7.12,SHORT
2017.0,1.0,Movie,2,6.9,SHORT
2017.0,1.0,Series,5,7.0200000000000005,SHORT
2018.0,0.0,Movie,7,6.642857142857143,SHORT
2018.0,0.0,Series,4,6.475,SHORT
2018.0,1.0,Movie,6,6.666666666666667,SHORT
2018.0,1.0,Series,5,7.220000000000001,SHORT
2019.0,0.0,Movie,9,6.766666666666667,SHORT
2019.0,0.0,Series,4,7.375,SHORT
2019.0,1.0,Movie,13,6.376923076923077,SHORT
2020.0,0.0,Movie,14,6.05,SHORT
2020.0,0.0,Series,3,5.633333333333333,SHORT
2020.0,1.0,Movie,6,6.8500000000000005,SHORT
2021.0,0.0,Movie,2,7.25,SHORT
2010.0,0.0,Movie,2,7.0,SPORT
2011.0,0.0,Movie,11,7.045454545454546,SPORT
2012.0,0.0,Movie,12,6.591666666666666,SPORT
2012.0,0.0,Series,2,7.8500000000000005,SPORT
2013.0,0.0,Movie,9,6.7555555555555555,SPORT
2013.0,0.0,Series,5,7.3,SPORT
2013.0,1.0,Movie,1,7.4,SPORT
2013.0,1.0,Series,1,6.6,SPORT
2014.0,0.0,Movie,11,6.8090909090909095,SPORT
2014.0,0.0,Series,2,7.85,SPORT
2014.0,1.0,Movie,1,8.0,SPORT
2015.0,0.0,Movie,24,6.729166666666667,SPORT
2015.0,0.0,Series,3,5.8999999999999995,SPORT
2016.0,0.0,Movie,23,6.521739130434782,SPORT
2016.0,0.0,Series,2,7.550000000000001,SPORT
2016.0,1.0,Movie,1,7.3,SPORT
2016.0,1.0,Series,1,8.5,SPORT
2017.0,0.0,Movie,17,6.423529411764706,SPORT
2017.0,0.0,Series,5,7.279999999999999,SPORT
2017.0,1.0,Movie,3,7.433333333333334,SPORT
2017.0,1.0,Series,1,8.0,SPORT
2018.0,0.0,Movie,26,6.68076923076923,SPORT
2018.0,0.0,Series,8,7.5875,SPORT
2018.0,1.0,Movie,4,6.675000000000001,SPORT
2018.0,1.0,Series,4,6.95,SPORT
2019.0,0.0,Movie,27,6.185185185185185,SPORT
2019.0,0.0,Series,9,7.344444444444444,SPORT
2019.0,1.0,Movie,3,6.633333333333333,SPORT
2019.0,1.0,Series,2,7.949999999999999,SPORT
2020.0,0.0,Movie,9,6.622222222222223,SPORT
2020.0,0.0,Series,7,7.171428571428572,SPORT
2020.0,1.0,Movie,6,6.7,SPORT
2021.0,0.0,Movie,2,7.4,SPORT
2021.0,0.0,Series,2,7.45,SPORT
2011.0,0.0,Movie,1,7.3,TALK-SHOW
2011.0,0.0,Series,1,7.8,TALK-SHOW
2012.0,0.0,Series,1,8.1,TALK-SHOW
2014.0,0.0,Movie,1,7.5,TALK-SHOW
2014.0,0.0,Series,2,7.9,TALK-SHOW
2017.0,0.0,Series,1,4.9,TALK-SHOW
2017.0,1.0,Series,3,6.366666666666667,TALK-SHOW
2018.0,1.0,Series,8,7.05,TALK-SHOW
2019.0,0.0,Series,1,7.7,TALK-SHOW
2020.0,0.0,Series,2,4.15,TALK-SHOW
2010.0,0.0,Movie,71,6.474647887323943,THRILLER
2010.0,0.0,Series,12,7.208333333333333,THRILLER
2010.0,1.0,Series,1,6.0,THRILLER
2011.0,0.0,Movie,77,6.374025974025974,THRILLER
2011.0,0.0,Series,15,7.58,THRILLER
2012.0,0.0,Movie,83,6.331325301204819,THRILLER
2012.0,0.0,Series,14,7.421428571428571,THRILLER
2013.0,0.0,Movie,108,6.307407407407408,THRILLER
2013.0,0.0,Series,13,7.584615384615384,THRILLER
2013.0,1.0,Movie,1,6.7,THRILLER
2013.0,1.0,Series,2,6.1,THRILLER
2014.0,0.0,Movie,117,6.114529914529914,THRILLER
2014.0,0.0,Series,11,7.081818181818182,THRILLER
2015.0,0.0,Movie,137,6.046715328467153,THRILLER
2015.0,0.0,Series,27,7.114814814814815,THRILLER
2015.0,1.0,Movie,3,5.599999999999999,THRILLER
2015.0,1.0,Series,3,8.366666666666667,THRILLER
2016.0,0.0,Movie,161,6.090062111801243,THRILLER
2016.0,0.0,Series,36,7.486111111111111,THRILLER
2016.0,1.0,Movie,7,4.814285714285715,THRILLER
2016.0,1.0,Series,2,7.85,THRILLER
2017.0,0.0,Movie,203,5.955172413793104,THRILLER
2017.0,0.0,Series,41,7.024390243902439,THRILLER
2017.0,1.0,Movie,9,5.777777777777778,THRILLER
2017.0,1.0,Series,7,7.914285714285714,THRILLER
2018.0,0.0,Movie,218,5.759174311926605,THRILLER
2018.0,0.0,Series,46,6.904347826086957,THRILLER
2018.0,1.0,Movie,16,6.14375,THRILLER
2018.0,1.0,Series,14,7.114285714285715,THRILLER
2019.0,0.0,Movie,195,5.768717948717949,THRILLER
2019.0,0.0,Series,39,6.915384615384615,THRILLER
2019.0,1.0,Movie,23,5.834782608695652,THRILLER
2019.0,1.0,Series,9,6.4,THRILLER
2020.0,0.0,Movie,85,5.629411764705883,THRILLER
2020.0,0.0,Series,49,6.814285714285714,THRILLER
2020.0,1.0,Movie,35,5.6971428571428575,THRILLER
2021.0,0.0,Movie,6,5.916666666666667,THRILLER
2021.0,0.0,Series,4,6.975,THRILLER
2010.0,0.0,Movie,10,6.859999999999999,WAR
2010.0,0.0,Series,4,6.800000000000001,WAR
2011.0,0.0,Movie,7,6.757142857142857,WAR
2012.0,0.0,Movie,9,7.144444444444444,WAR
2012.0,0.0,Series,1,7.5,WAR
2013.0,0.0,Movie,6,6.233333333333333,WAR
2013.0,0.0,Series,3,8.200000000000001,WAR
2014.0,0.0,Movie,13,7.015384615384615,WAR
2014.0,0.0,Series,3,7.433333333333334,WAR
2014.0,1.0,Movie,1,8.2,WAR
2015.0,0.0,Movie,15,6.013333333333334,WAR
2015.0,0.0,Series,2,7.9,WAR
2015.0,1.0,Movie,1,7.7,WAR
2016.0,0.0,Movie,21,6.466666666666667,WAR
2016.0,0.0,Series,4,7.55,WAR
2016.0,1.0,Movie,2,7.35,WAR
2017.0,0.0,Movie,26,6.711538461538462,WAR
2017.0,0.0,Series,4,7.025,WAR
2017.0,1.0,Movie,4,6.625,WAR
2018.0,0.0,Movie,20,6.445,WAR
2018.0,0.0,Series,4,8.05,WAR
2018.0,1.0,Movie,3,7.133333333333333,WAR
2018.0,1.0,Series,1,8.4,WAR
2019.0,0.0,Movie,19,6.4789473684210535,WAR
2019.0,0.0,Series,3,7.466666666666666,WAR
2019.0,1.0,Movie,1,7.2,WAR
2019.0,1.0,Series,1,6.6,WAR
2020.0,0.0,Movie,11,5.7727272727272725,WAR
2020.0,0.0,Series,4,6.925,WAR
2020.0,1.0,Movie,3,6.3999999999999995,WAR
2010.0,0.0,Movie,4,6.75,WESTERN
2011.0,0.0,Movie,3,6.366666666666667,WESTERN
2012.0,0.0,Movie,3,5.933333333333334,WESTERN
2012.0,0.0,Series,1,8.3,WESTERN
2013.0,0.0,Movie,2,6.1,WESTERN
2014.0,0.0,Movie,3,6.233333333333333,WESTERN
2015.0,0.0,Movie,3,7.133333333333333,WESTERN
2015.0,0.0,Series,2,7.1,WESTERN
2015.0,1.0,Movie,1,4.8,WESTERN
2015.0,1.0,Series,1,6.7,WESTERN
2016.0,0.0,Movie,12,7.058333333333334,WESTERN
2016.0,0.0,Series,1,7.4,WESTERN
2016.0,1.0,Series,1,7.5,WESTERN
2017.0,0.0,Movie,7,5.885714285714286,WESTERN
2017.0,1.0,Movie,1,5.7,WESTERN
2017.0,1.0,Series,2,7.45,WESTERN
2018.0,0.0,Movie,7,6.642857142857143,WESTERN
2018.0,1.0,Movie,1,7.3,WESTERN
2019.0,0.0,Movie,4,5.325,WESTERN
2019.0,1.0,Movie,1,5.2,WESTERN
2020.0,0.0,Movie,3,6.266666666666667,WESTERN
